Pathologic 2: Marble Nest,
Battlefleet Gothic: Armada,
Battlefleet Gothic: Armada 2,
Catherine,
InMind 2 VR,
InMind VR,
Vangers,
Outlast: Whistleblower,
Persona 5,
Prey,
Prey (2017),
Red Dead Redemption,
Red Dead Redemption 2,
Resident Evil 7: Biohazard,
System Shock 2,
The Banner Saga,
The Banner Saga 2,
The Banner Saga 3,
The Last Of Us,
The Last of Us: Left Behind,
Blood and Wine,
Hearts of Stone,
The Witcher,
The Witcher 2: Assassins of Kings,
The Witcher 3: Wild Hunt,
Thea 2: The Shattering,
:THE LONGING:,
>observer_,
Angel Beats! 1st Beat,
Beholder,
BERSERK and the Band of the Hawk,
Beyond Good and Evil 2,
Beyond: Two Souls,
Call of Cthulhu: The Official Video Game,
Coffee Talk,
Cyberpunk 2077,
D4: Dark Dreams Don't Die,
Dead in Vinland,
Dead Static Drive,
Deltarune,
Detroit: Become Human,
Dishonored 2,
Dominions 5,
"Dr. Langeskov, The Tiger, and The Terribly Cursed Emerald: A Whirlwind Heist",
Dragon Age Inquisition,
Dragon's Dogma,
Dungeon of the Endless,
Dwarf Fortress,
Endless Legend,
Endless Space 2 ,
Event[0],
Everybody go to the rapture,
FAR: Lone Sails,
Frostpunk,
Heavy Rain,
Hello Neighbor,
InCell VR,
Inside,
Into the Breach,
Kingdom Come: Deliverance,
Layers of Fear 2,
Manual Samuel,
Mass Effect Andromeda ,
Minecraft Dungeons,
Mini Motorways,
Mount and Blade 2,
N1RV Ann-A: Cyberpunk Bartender Action,
Nantucket,
Necrobarista,
NIER: AUTOMATA,
Orwell and Orwell: Ignorance is Strength,
Outer Wilds,
Paratopic,
Pilgrims,
Pyre,
Rimworld,
RIOT - Civil Unrest,
S.T.A.L.K.E.R.: Call of Chernobyl,
Satisfactory ,
Serpent in the Staglands,
Slime Rancher,
SteamWorld Dig 2,
SteamWorld Quest: Hand of Gilgamech,
Stellaris,
Subnautica,
SUNLESS SEA,
Telling Lies,
The Age of Decadence,
The Cave,
The Council,
The Deadly Tower of Monsters,
The Long Dark,
the novelist,
The Outer Worlds,
The Sinking City,
This War of Mine: Stories,
Trans-Siberian Railway Simulator,
Tyranny,
WE HAPPY FEW,
We. The Revolution,
Where the Water Tastes Like Wine,
while True: learn(),
WindForge,
yakuza 0,
Yesterday Origins,
Karmaflow,
Life Is Strange,
Life Is Strange: Before the Storm,
Pillars of Eternity,
Pillars of Eternity: The White March I,
Pillars of Eternity: The White March II,
Ashes of Urh'Rok,
Embers of Rage,
Tales of Maj'Eyal,
Thea: The Awakening,
Total War: Warhammer,
The Bureau: XCOM Declassified,
Arcanum: Of Steamworks and Magick Obscura,
Dungeon Crawl Stone Soup,
Dungeons of Dredmor,
Dwarf Fortress,
Gods Will Be Watching,
Gone Home,
Hard West,
L.A. Noire,
Planescape: Torment,
The Wolf Among Us
